tenant_slug,site_slug,site_name,store_number,address,county,lat,lng,monitored,monitor_type,station_type,phase,iot_link_phase2,device_id,product,has_ct,location_class,template_id,driver_id,tag_prefix
circle-k-florida,ck-2701001,"Circle K #2701001 — Alachua",2701001,"100 FL-ALA Hwy, Alachua County, FL",alachua,29.758029688469534,-82.2683923947727,1,lift,dual_duplex,1,1,mv_ck_2701001,arduino opta mqtt parc,0,cstore,lift_station_dual_duplex,ck_2701001,CK001
circle-k-florida,ck-2701002,"Circle K #2701002 — Baker",2701002,"101 FL-BAK Hwy, Baker County, FL",baker,30.35353829468409,-82.36505076158718,1,lift,dual_duplex,1,1,mv_ck_2701002,arduino opta mqtt parc,1,cstore,lift_station_dual_duplex,ck_2701002,CK002
circle-k-florida,ck-2701003,"Circle K #2701003 — Bay",2701003,"102 FL-BAY Hwy, Bay County, FL",bay,30.213162241291414,-85.93273121481566,1,lift,dual_duplex,1,1,mv_ck_2701003,arduino opta mqtt parc,1,cstore,lift_station_dual_duplex,ck_2701003,CK003
circle-k-florida,ck-2701004,"Circle K #2701004 — Bradford",2701004,"103 FL-BRA Hwy, Bradford County, FL",bradford,29.870340258023134,-82.24772270731647,1,lift,dual_duplex,1,1,mv_ck_2701004,arduino opta mqtt parc,0,cstore,lift_station_dual_duplex,ck_2701004,CK004
circle-k-florida,ck-2701005,"Circle K #2701005 — Brevard",2701005,"104 FL-BRE Hwy, Brevard County, FL",brevard,28.411207048708135,-80.53148547257071,1,lift,dual_duplex,1,1,mv_ck_2701005,arduino opta mqtt parc,1,cstore,lift_station_dual_duplex,ck_2701005,CK005
circle-k-florida,ck-2701006,"Circle K #2701006 — Broward",2701006,"105 FL-BRO Hwy, Broward County, FL",broward,26.21049479621058,-80.26638075491861,1,lift,dual_duplex,1,1,mv_ck_2701006,arduino opta mqtt parc,1,cstore,lift_station_dual_duplex,ck_2701006,CK006
circle-k-florida,ck-2701007,"Circle K #2701007 — Calhoun",2701007,"106 FL-CAL Hwy, Calhoun County, FL",calhoun,30.44131456159816,-85.21493117699194,1,lift,dual_duplex,1,1,mv_ck_2701007,arduino opta mqtt parc,0,cstore,lift_station_dual_duplex,ck_2701007,CK007
circle-k-florida,ck-2701008,"Circle K #2701008 — Charlotte",2701008,"107 FL-CHA Hwy, Charlotte County, FL",charlotte,26.91920330960021,-81.88986052399943,1,lift,dual_duplex,1,1,mv_ck_2701008,arduino opta mqtt parc,1,cstore,lift_station_dual_duplex,ck_2701008,CK008
circle-k-florida,ck-2701009,"Circle K #2701009 — Citrus",2701009,"108 FL-CIT Hwy, Citrus County, FL",citrus,28.85562196345804,-82.3847139515422,1,lift,dual_duplex,1,1,mv_ck_2701009,arduino opta mqtt parc,1,cstore,lift_station_dual_duplex,ck_2701009,CK009
circle-k-florida,ck-2701010,"Circle K #2701010 — Clay",2701010,"109 FL-CLA Hwy, Clay County, FL",clay,29.815963284108136,-81.84270703364004,1,lift,dual_duplex,1,1,mv_ck_2701010,arduino opta mqtt parc,0,cstore,lift_station_dual_duplex,ck_2701010,CK010
circle-k-florida,ck-2701011,"Circle K #2701011 — Collier",2701011,"110 FL-COL Hwy, Collier County, FL",collier,26.154318878213118,-81.24014484033908,1,lift,dual_duplex,1,1,mv_ck_2701011,arduino opta mqtt parc,1,cstore,lift_station_dual_duplex,ck_2701011,CK011
circle-k-florida,ck-2701012,"Circle K #2701012 — Columbia",2701012,"111 FL-COL Hwy, Columbia County, FL",columbia,30.26289120569511,-82.63587430495733,1,lift,dual_duplex,1,1,mv_ck_2701012,arduino opta mqtt parc,1,cstore,lift_station_dual_duplex,ck_2701012,CK012
circle-k-florida,ck-2701013,"Circle K #2701013 — DeSoto",2701013,"112 FL-DES Hwy, DeSoto County, FL",desoto,27.151462968241262,-81.90577000563843,1,lift,dual_duplex,1,1,mv_ck_2701013,arduino opta mqtt parc,0,cstore,lift_station_dual_duplex,ck_2701013,CK013
circle-k-florida,ck-2701014,"Circle K #2701014 — Dixie",2701014,"113 FL-DIX Hwy, Dixie County, FL",dixie,29.73017230094357,-83.29689146823767,1,lift,dual_duplex,1,1,mv_ck_2701014,arduino opta mqtt parc,1,cstore,lift_station_dual_duplex,ck_2701014,CK014
circle-k-florida,ck-2701015,"Circle K #2701015 — Duval",2701015,"114 FL-DUV Hwy, Duval County, FL",duval,30.27628112559508,-81.61600461254574,1,lift,dual_duplex,1,1,mv_ck_2701015,arduino opta mqtt parc,1,cstore,lift_station_dual_duplex,ck_2701015,CK015
circle-k-florida,ck-2701016,"Circle K #2701016 — Escambia",2701016,"115 FL-ESC Hwy, Escambia County, FL",escambia,30.58184196803712,-87.35219201861983,1,lift,dual_duplex,1,1,mv_ck_2701016,arduino opta mqtt parc,0,cstore,lift_station_dual_duplex,ck_2701016,CK016
circle-k-florida,ck-2701017,"Circle K #2701017 — Flagler",2701017,"116 FL-FLA Hwy, Flagler County, FL",flagler,29.36923193712458,-81.16976185739831,1,lift,dual_duplex,1,1,mv_ck_2701017,arduino opta mqtt parc,1,cstore,lift_station_dual_duplex,ck_2701017,CK017
circle-k-florida,ck-2701018,"Circle K #2701018 — Franklin",2701018,"117 FL-FRA Hwy, Franklin County, FL",franklin,29.894559228994535,-84.82944774627126,1,lift,dual_duplex,1,1,mv_ck_2701018,arduino opta mqtt parc,1,cstore,lift_station_dual_duplex,ck_2701018,CK018
circle-k-florida,ck-2701019,"Circle K #2701019 — Gadsden",2701019,"118 FL-GAD Hwy, Gadsden County, FL",gadsden,30.652493831266387,-84.7457533214644,1,lift,dual_duplex,1,1,mv_ck_2701019,arduino opta mqtt parc,0,cstore,lift_station_dual_duplex,ck_2701019,CK019
circle-k-florida,ck-2701020,"Circle K #2701020 — Gilchrist",2701020,"119 FL-GIL Hwy, Gilchrist County, FL",gilchrist,29.852944460703295,-82.86086257496072,1,lift,dual_duplex,1,1,mv_ck_2701020,arduino opta mqtt parc,1,cstore,lift_station_dual_duplex,ck_2701020,CK020
circle-k-florida,ck-2701021,"Circle K #2701021 — Glades",2701021,"120 FL-GLA Hwy, Glades County, FL",glades,27.080185819248467,-81.08794996040162,1,lift,dual_duplex,1,1,mv_ck_2701021,arduino opta mqtt parc,1,cstore,lift_station_dual_duplex,ck_2701021,CK021
circle-k-florida,ck-2701022,"Circle K #2701022 — Gulf",2701022,"121 FL-GUL Hwy, Gulf County, FL",gulf,29.741209585192678,-85.3830186087314,1,lift,dual_duplex,1,1,mv_ck_2701022,arduino opta mqtt parc,0,cstore,lift_station_dual_duplex,ck_2701022,CK022
circle-k-florida,ck-2701023,"Circle K #2701023 — Hamilton",2701023,"122 FL-HAM Hwy, Hamilton County, FL",hamilton,30.540821379880693,-82.96431035906393,1,lift,dual_duplex,1,1,mv_ck_2701023,arduino opta mqtt parc,1,cstore,lift_station_dual_duplex,ck_2701023,CK023
circle-k-florida,ck-2701024,"Circle K #2701024 — Hardee",2701024,"123 FL-HAR Hwy, Hardee County, FL",hardee,27.643733056981358,-81.64758386794378,1,lift,dual_duplex,1,1,mv_ck_2701024,arduino opta mqtt parc,1,cstore,lift_station_dual_duplex,ck_2701024,CK024
circle-k-florida,ck-2701025,"Circle K #2701025 — Hendry",2701025,"124 FL-HEN Hwy, Hendry County, FL",hendry,26.45785312885212,-81.31139589186279,1,lift,dual_duplex,1,1,mv_ck_2701025,arduino opta mqtt parc,0,cstore,lift_station_dual_duplex,ck_2701025,CK025
circle-k-florida,ck-2701026,"Circle K #2701026 — Hernando",2701026,"125 FL-HER Hwy, Hernando County, FL",hernando,28.64604812008959,-82.31171837956266,1,lift,dual_duplex,1,1,mv_ck_2701026,arduino opta mqtt parc,1,cstore,lift_station_dual_duplex,ck_2701026,CK026
circle-k-florida,ck-2701027,"Circle K #2701027 — Highlands",2701027,"126 FL-HIG Hwy, Highlands County, FL",highlands,27.222191655273463,-81.27813420425657,1,lift,dual_duplex,1,1,mv_ck_2701027,arduino opta mqtt parc,1,cstore,lift_station_dual_duplex,ck_2701027,CK027
circle-k-florida,ck-2701028,"Circle K #2701028 — Hillsborough",2701028,"127 FL-HIL Hwy, Hillsborough County, FL",hillsborough,28.053164062189154,-82.37689423854792,1,lift,dual_duplex,1,1,mv_ck_2701028,arduino opta mqtt parc,0,cstore,lift_station_dual_duplex,ck_2701028,CK028
circle-k-florida,ck-2701029,"Circle K #2701029 — Holmes",2701029,"128 FL-HOL Hwy, Holmes County, FL",holmes,30.753297852176924,-85.66852382580427,1,lift,dual_duplex,1,1,mv_ck_2701029,arduino opta mqtt parc,1,cstore,lift_station_dual_duplex,ck_2701029,CK029
circle-k-florida,ck-2701030,"Circle K #2701030 — Indian River",2701030,"129 FL-IND Hwy, Indian River County, FL",indian-river,27.639296626908656,-80.74660867353327,1,lift,dual_duplex,1,1,mv_ck_2701030,arduino opta mqtt parc,1,cstore,lift_station_dual_duplex,ck_2701030,CK030
circle-k-florida,ck-2701031,"Circle K #2701031 — Jackson",2701031,"130 FL-JAC Hwy, Jackson County, FL",jackson,30.81728853270908,-85.22224507831645,1,lift,dual_duplex,1,1,mv_ck_2701031,arduino opta mqtt parc,0,cstore,lift_station_dual_duplex,ck_2701031,CK031
circle-k-florida,ck-2701032,"Circle K #2701032 — Jefferson",2701032,"131 FL-JEF Hwy, Jefferson County, FL",jefferson,30.391713120185603,-83.95754634572802,1,lift,dual_duplex,1,1,mv_ck_2701032,arduino opta mqtt parc,1,cstore,lift_station_dual_duplex,ck_2701032,CK032
circle-k-florida,ck-2701033,"Circle K #2701033 — Lafayette",2701033,"132 FL-LAF Hwy, Lafayette County, FL",lafayette,30.024512525050348,-83.27917840902013,1,lift,dual_duplex,1,1,mv_ck_2701033,arduino opta mqtt parc,1,cstore,lift_station_dual_duplex,ck_2701033,CK033
circle-k-florida,ck-2701034,"Circle K #2701034 — Lake",2701034,"133 FL-LAK Hwy, Lake County, FL",lake,28.785553762451613,-81.56907581101134,1,lift,dual_duplex,1,1,mv_ck_2701034,arduino opta mqtt parc,0,cstore,lift_station_dual_duplex,ck_2701034,CK034
circle-k-florida,ck-2701035,"Circle K #2701035 — Lee",2701035,"134 FL-LEE Hwy, Lee County, FL",lee,26.419101760353353,-82.04170440092287,1,lift,dual_duplex,1,1,mv_ck_2701035,arduino opta mqtt parc,1,cstore,lift_station_dual_duplex,ck_2701035,CK035
circle-k-florida,ck-2701036,"Circle K #2701036 — Leon",2701036,"135 FL-LEO Hwy, Leon County, FL",leon,30.506869732126148,-84.2431399535773,1,lift,dual_duplex,1,1,mv_ck_2701036,arduino opta mqtt parc,1,cstore,lift_station_dual_duplex,ck_2701036,CK036
circle-k-florida,ck-2701037,"Circle K #2701037 — Levy",2701037,"136 FL-LEV Hwy, Levy County, FL",levy,29.442230294282904,-82.93739163754316,1,lift,dual_duplex,1,1,mv_ck_2701037,arduino opta mqtt parc,0,cstore,lift_station_dual_duplex,ck_2701037,CK037
circle-k-florida,ck-2701038,"Circle K #2701038 — Liberty",2701038,"137 FL-LIB Hwy, Liberty County, FL",liberty,30.153091445354484,-84.89997396332441,1,lift,dual_duplex,1,1,mv_ck_2701038,arduino opta mqtt parc,1,cstore,lift_station_dual_duplex,ck_2701038,CK038
circle-k-florida,ck-2701039,"Circle K #2701039 — Madison",2701039,"138 FL-MAD Hwy, Madison County, FL",madison,30.360754679631956,-83.39916079316637,1,lift,dual_duplex,1,1,mv_ck_2701039,arduino opta mqtt parc,1,cstore,lift_station_dual_duplex,ck_2701039,CK039
circle-k-florida,ck-2701040,"Circle K #2701040 — Manatee",2701040,"139 FL-MAN Hwy, Manatee County, FL",manatee,27.57778034558169,-82.2872310785103,1,lift,dual_duplex,1,1,mv_ck_2701040,arduino opta mqtt parc,0,cstore,lift_station_dual_duplex,ck_2701040,CK040
circle-k-florida,ck-2701041,"Circle K #2701041 — Marion",2701041,"140 FL-MAR Hwy, Marion County, FL",marion,29.310897595172822,-81.94874322771238,1,lift,dual_duplex,1,1,mv_ck_2701041,arduino opta mqtt parc,1,cstore,lift_station_dual_duplex,ck_2701041,CK041
circle-k-florida,ck-2701042,"Circle K #2701042 — Martin",2701042,"141 FL-MAR Hwy, Martin County, FL",martin,27.09994223939154,-80.19434744603853,1,lift,dual_duplex,1,1,mv_ck_2701042,arduino opta mqtt parc,1,cstore,lift_station_dual_duplex,ck_2701042,CK042
circle-k-florida,ck-2701043,"Circle K #2701043 — Miami-Dade",2701043,"142 FL-MIA Hwy, Miami-Dade County, FL",miami-dade,25.46398678646286,-80.59393878441048,1,lift,dual_duplex,1,1,mv_ck_2701043,arduino opta mqtt parc,0,cstore,lift_station_dual_duplex,ck_2701043,CK043
circle-k-florida,ck-2701044,"Circle K #2701044 — Monroe",2701044,"143 FL-MON Hwy, Monroe County, FL",monroe,24.822312157040912,-80.92937844320709,1,lift,dual_duplex,1,1,mv_ck_2701044,arduino opta mqtt parc,1,cstore,lift_station_dual_duplex,ck_2701044,CK044
circle-k-florida,ck-2701045,"Circle K #2701045 — Nassau",2701045,"144 FL-NAS Hwy, Nassau County, FL",nassau,30.71903810791158,-81.84138065882486,1,lift,dual_duplex,1,1,mv_ck_2701045,arduino opta mqtt parc,1,cstore,lift_station_dual_duplex,ck_2701045,CK045
circle-k-florida,ck-2701046,"Circle K #2701046 — Okaloosa",2701046,"145 FL-OKA Hwy, Okaloosa County, FL",okaloosa,30.747445169198695,-86.53716608149607,1,lift,dual_duplex,1,1,mv_ck_2701046,arduino opta mqtt parc,0,cstore,lift_station_dual_duplex,ck_2701046,CK046
circle-k-florida,ck-2701047,"Circle K #2701047 — Okeechobee",2701047,"146 FL-OKE Hwy, Okeechobee County, FL",okeechobee,27.239981969280947,-80.75033489155507,1,lift,dual_duplex,1,1,mv_ck_2701047,arduino opta mqtt parc,1,cstore,lift_station_dual_duplex,ck_2701047,CK047
circle-k-florida,ck-2701048,"Circle K #2701048 — Orange",2701048,"147 FL-ORA Hwy, Orange County, FL",orange,28.490621070917825,-81.41394638606346,1,lift,dual_duplex,1,1,mv_ck_2701048,arduino opta mqtt parc,1,cstore,lift_station_dual_duplex,ck_2701048,CK048
circle-k-florida,ck-2701049,"Circle K #2701049 — Osceola",2701049,"148 FL-OSC Hwy, Osceola County, FL",osceola,28.213825966074495,-81.19850487455511,1,lift,dual_duplex,1,1,mv_ck_2701049,arduino opta mqtt parc,0,cstore,lift_station_dual_duplex,ck_2701049,CK049
circle-k-florida,ck-2701050,"Circle K #2701050 — Palm Beach",2701050,"149 FL-PAL Hwy, Palm Beach County, FL",palm-beach,26.7896924854597,-80.58682517238316,1,lift,dual_duplex,1,1,mv_ck_2701050,arduino opta mqtt parc,1,cstore,lift_station_dual_duplex,ck_2701050,CK050
circle-k-florida,ck-2701051,"Circle K #2701051 — Pasco",2701051,"150 FL-PAS Hwy, Pasco County, FL",pasco,28.300524791273556,-82.47166287819947,1,lift,dual_duplex,1,1,mv_ck_2701051,arduino opta mqtt parc,1,cstore,lift_station_dual_duplex,ck_2701051,CK051
circle-k-florida,ck-2701052,"Circle K #2701052 — Pinellas",2701052,"151 FL-PIN Hwy, Pinellas County, FL",pinellas,27.868918474581182,-82.8664878705611,1,lift,dual_duplex,1,1,mv_ck_2701052,arduino opta mqtt parc,0,cstore,lift_station_dual_duplex,ck_2701052,CK052
circle-k-florida,ck-2701053,"Circle K #2701053 — Polk",2701053,"152 FL-POL Hwy, Polk County, FL",polk,27.944858979846593,-81.93998961360737,1,lift,dual_duplex,1,1,mv_ck_2701053,arduino opta mqtt parc,1,cstore,lift_station_dual_duplex,ck_2701053,CK053
circle-k-florida,ck-2701054,"Circle K #2701054 — Putnam",2701054,"153 FL-PUT Hwy, Putnam County, FL",putnam,29.460812971066648,-81.67840853811153,1,lift,dual_duplex,1,1,mv_ck_2701054,arduino opta mqtt parc,1,cstore,lift_station_dual_duplex,ck_2701054,CK054
circle-k-florida,ck-2701055,"Circle K #2701055 — Santa Rosa",2701055,"154 FL-SAN Hwy, Santa Rosa County, FL",santa-rosa,30.775644796893207,-87.1100723663073,1,lift,dual_duplex,1,1,mv_ck_2701055,arduino opta mqtt parc,0,cstore,lift_station_dual_duplex,ck_2701055,CK055
circle-k-florida,ck-2701056,"Circle K #2701056 — Sarasota",2701056,"155 FL-SAR Hwy, Sarasota County, FL",sarasota,27.12881141246196,-82.42267677894395,1,lift,dual_duplex,1,1,mv_ck_2701056,arduino opta mqtt parc,1,cstore,lift_station_dual_duplex,ck_2701056,CK056
circle-k-florida,ck-2701057,"Circle K #2701057 — Seminole",2701057,"156 FL-SEM Hwy, Seminole County, FL",seminole,28.660398281164106,-81.06146495934821,1,lift,dual_duplex,1,1,mv_ck_2701057,arduino opta mqtt parc,1,cstore,lift_station_dual_duplex,ck_2701057,CK057
circle-k-florida,ck-2701058,"Circle K #2701058 — St. Johns",2701058,"157 FL-ST- Hwy, St. Johns County, FL",st-johns,29.94185542983703,-81.5015266488627,1,lift,dual_duplex,1,1,mv_ck_2701058,arduino opta mqtt parc,0,cstore,lift_station_dual_duplex,ck_2701058,CK058
circle-k-florida,ck-2701059,"Circle K #2701059 — St. Lucie",2701059,"158 FL-ST- Hwy, St. Lucie County, FL",st-lucie,27.410098584399886,-80.425551569832,1,lift,dual_duplex,1,1,mv_ck_2701059,arduino opta mqtt parc,1,cstore,lift_station_dual_duplex,ck_2701059,CK059
circle-k-florida,ck-2701060,"Circle K #2701060 — Sumter",2701060,"159 FL-SUM Hwy, Sumter County, FL",sumter,28.721771568888826,-82.21517444482629,1,lift,dual_duplex,1,1,mv_ck_2701060,arduino opta mqtt parc,1,cstore,lift_station_dual_duplex,ck_2701060,CK060
circle-k-florida,ck-2701061,"Circle K #2701061 — Suwannee",2701061,"160 FL-SUW Hwy, Suwannee County, FL",suwannee,30.1132056405099,-83.01924812480334,1,lift,dual_duplex,1,1,mv_ck_2701061,arduino opta mqtt parc,0,cstore,lift_station_dual_duplex,ck_2701061,CK061
circle-k-florida,ck-2701062,"Circle K #2701062 — Taylor",2701062,"161 FL-TAY Hwy, Taylor County, FL",taylor,30.164071871329146,-83.51584796244477,1,lift,dual_duplex,1,1,mv_ck_2701062,arduino opta mqtt parc,1,cstore,lift_station_dual_duplex,ck_2701062,CK062
circle-k-florida,ck-2701063,"Circle K #2701063 — Union",2701063,"162 FL-UNI Hwy, Union County, FL",union,30.20446542427264,-82.46128614519448,1,lift,dual_duplex,1,1,mv_ck_2701063,arduino opta mqtt parc,1,cstore,lift_station_dual_duplex,ck_2701063,CK063
circle-k-florida,ck-2701064,"Circle K #2701064 — Volusia",2701064,"163 FL-VOL Hwy, Volusia County, FL",volusia,28.931831934062764,-81.30890784060414,1,lift,dual_duplex,1,1,mv_ck_2701064,arduino opta mqtt parc,0,cstore,lift_station_dual_duplex,ck_2701064,CK064
circle-k-florida,ck-2701065,"Circle K #2701065 — Wakulla",2701065,"164 FL-WAK Hwy, Wakulla County, FL",wakulla,30.195782657878386,-84.46021887232538,1,lift,dual_duplex,1,1,mv_ck_2701065,arduino opta mqtt parc,1,cstore,lift_station_dual_duplex,ck_2701065,CK065
circle-k-florida,ck-2701066,"Circle K #2701066 — Walton",2701066,"165 FL-WAL Hwy, Walton County, FL",walton,30.46458791821873,-86.27754957467563,1,lift,dual_duplex,1,1,mv_ck_2701066,arduino opta mqtt parc,1,cstore,lift_station_dual_duplex,ck_2701066,CK066
circle-k-florida,ck-2701067,"Circle K #2701067 — Washington",2701067,"166 FL-WAS Hwy, Washington County, FL",washington,31.063577810145553,-85.62664100196696,1,lift,dual_duplex,1,1,mv_ck_2701067,arduino opta mqtt parc,0,cstore,lift_station_dual_duplex,ck_2701067,CK067
circle-k-florida,ck-2701068,"Circle K #2701068 — Alachua",2701068,"167 FL-ALA Hwy, Alachua County, FL",alachua,29.68503577842905,-82.39364528484697,1,lift,dual_duplex,1,1,mv_ck_2701068,arduino opta mqtt parc,1,cstore,lift_station_dual_duplex,ck_2701068,CK068
circle-k-florida,ck-2701069,"Circle K #2701069 — Baker",2701069,"168 FL-BAK Hwy, Baker County, FL",baker,30.295977370627092,-82.4050267582388,1,lift,dual_duplex,1,1,mv_ck_2701069,arduino opta mqtt parc,1,cstore,lift_station_dual_duplex,ck_2701069,CK069
circle-k-florida,ck-2701070,"Circle K #2701070 — Bay",2701070,"169 FL-BAY Hwy, Bay County, FL",bay,30.2630925327313,-86.050452787919,1,lift,dual_duplex,1,1,mv_ck_2701070,arduino opta mqtt parc,0,cstore,lift_station_dual_duplex,ck_2701070,CK070
circle-k-florida,ck-2701071,"Circle K #2701071 — Bradford",2701071,"170 FL-BRA Hwy, Bradford County, FL",bradford,29.931520744696172,-82.33043303534102,1,lift,dual_duplex,1,1,mv_ck_2701071,arduino opta mqtt parc,1,cstore,lift_station_dual_duplex,ck_2701071,CK071
circle-k-florida,ck-2701072,"Circle K #2701072 — Brevard",2701072,"171 FL-BRE Hwy, Brevard County, FL",brevard,28.28545267018057,-80.82793403354724,1,lift,dual_duplex,1,1,mv_ck_2701072,arduino opta mqtt parc,1,cstore,lift_station_dual_duplex,ck_2701072,CK072
circle-k-florida,ck-2701073,"Circle K #2701073 — Broward",2701073,"172 FL-BRO Hwy, Broward County, FL",broward,25.948665117119226,-80.00561781809444,1,lift,dual_duplex,1,1,mv_ck_2701073,arduino opta mqtt parc,0,cstore,lift_station_dual_duplex,ck_2701073,CK073
circle-k-florida,ck-2701074,"Circle K #2701074 — Calhoun",2701074,"173 FL-CAL Hwy, Calhoun County, FL",calhoun,30.52015977220839,-85.36746120685041,1,lift,dual_duplex,1,1,mv_ck_2701074,arduino opta mqtt parc,1,cstore,lift_station_dual_duplex,ck_2701074,CK074
circle-k-florida,ck-2701075,"Circle K #2701075 — Charlotte",2701075,"174 FL-CHA Hwy, Charlotte County, FL",charlotte,26.852600817179972,-81.93831346964018,1,lift,dual_duplex,1,1,mv_ck_2701075,arduino opta mqtt parc,1,cstore,lift_station_dual_duplex,ck_2701075,CK075
circle-k-florida,ck-2701076,"Circle K #2701076 — Citrus",2701076,"175 FL-CIT Hwy, Citrus County, FL",citrus,28.755543317802083,-82.36607661636836,1,lift,dual_duplex,1,1,mv_ck_2701076,arduino opta mqtt parc,0,cstore,lift_station_dual_duplex,ck_2701076,CK076
circle-k-florida,ck-2701077,"Circle K #2701077 — Clay",2701077,"176 FL-CLA Hwy, Clay County, FL",clay,30.09586963897344,-81.71292081577272,1,lift,dual_duplex,1,1,mv_ck_2701077,arduino opta mqtt parc,1,cstore,lift_station_dual_duplex,ck_2701077,CK077
circle-k-florida,ck-2701078,"Circle K #2701078 — Collier",2701078,"177 FL-COL Hwy, Collier County, FL",collier,26.29002094521845,-81.24192609081913,1,lift,dual_duplex,1,1,mv_ck_2701078,arduino opta mqtt parc,1,cstore,lift_station_dual_duplex,ck_2701078,CK078
circle-k-florida,ck-2701079,"Circle K #2701079 — Columbia",2701079,"178 FL-COL Hwy, Columbia County, FL",columbia,30.14300825879129,-82.5867684667824,1,lift,dual_duplex,1,1,mv_ck_2701079,arduino opta mqtt parc,0,cstore,lift_station_dual_duplex,ck_2701079,CK079
circle-k-florida,ck-2701080,"Circle K #2701080 — DeSoto",2701080,"179 FL-DES Hwy, DeSoto County, FL",desoto,27.04152971648358,-81.86651873359895,1,lift,dual_duplex,1,1,mv_ck_2701080,arduino opta mqtt parc,1,cstore,lift_station_dual_duplex,ck_2701080,CK080
circle-k-florida,ck-2701081,"Circle K #2701081 — Dixie",2701081,"180 FL-DIX Hwy, Dixie County, FL",dixie,29.61873649686914,-83.11071438626806,1,lift,dual_duplex,1,1,mv_ck_2701081,arduino opta mqtt parc,1,cstore,lift_station_dual_duplex,ck_2701081,CK081
circle-k-florida,ck-2701082,"Circle K #2701082 — Duval",2701082,"181 FL-DUV Hwy, Duval County, FL",duval,30.289834380904797,-81.70182510707134,1,lift,dual_duplex,1,1,mv_ck_2701082,arduino opta mqtt parc,0,cstore,lift_station_dual_duplex,ck_2701082,CK082
circle-k-florida,ck-2701083,"Circle K #2701083 — Escambia",2701083,"182 FL-ESC Hwy, Escambia County, FL",escambia,30.673130949656468,-87.2927579270152,1,lift,dual_duplex,1,1,mv_ck_2701083,arduino opta mqtt parc,1,cstore,lift_station_dual_duplex,ck_2701083,CK083
circle-k-florida,ck-2701084,"Circle K #2701084 — Flagler",2701084,"183 FL-FLA Hwy, Flagler County, FL",flagler,29.55378244537545,-81.16857485275749,1,lift,dual_duplex,1,1,mv_ck_2701084,arduino opta mqtt parc,1,cstore,lift_station_dual_duplex,ck_2701084,CK084
circle-k-florida,ck-2701085,"Circle K #2701085 — Franklin",2701085,"184 FL-FRA Hwy, Franklin County, FL",franklin,29.766580326758252,-84.83619155797663,1,lift,dual_duplex,1,1,mv_ck_2701085,arduino opta mqtt parc,0,cstore,lift_station_dual_duplex,ck_2701085,CK085
circle-k-florida,ck-2701086,"Circle K #2701086 — Gadsden",2701086,"185 FL-GAD Hwy, Gadsden County, FL",gadsden,30.618843491166174,-84.65155564162708,1,lift,dual_duplex,1,1,mv_ck_2701086,arduino opta mqtt parc,1,cstore,lift_station_dual_duplex,ck_2701086,CK086
circle-k-florida,ck-2701087,"Circle K #2701087 — Gilchrist",2701087,"186 FL-GIL Hwy, Gilchrist County, FL",gilchrist,29.595411199973388,-82.86028673078917,1,lift,dual_duplex,1,1,mv_ck_2701087,arduino opta mqtt parc,1,cstore,lift_station_dual_duplex,ck_2701087,CK087
circle-k-florida,ck-2701088,"Circle K #2701088 — Glades",2701088,"187 FL-GLA Hwy, Glades County, FL",glades,26.942455659079343,-81.36147162505023,1,lift,dual_duplex,1,1,mv_ck_2701088,arduino opta mqtt parc,0,cstore,lift_station_dual_duplex,ck_2701088,CK088
circle-k-florida,ck-2701089,"Circle K #2701089 — Gulf",2701089,"188 FL-GUL Hwy, Gulf County, FL",gulf,29.9296320943409,-85.4215460132476,1,lift,dual_duplex,1,1,mv_ck_2701089,arduino opta mqtt parc,1,cstore,lift_station_dual_duplex,ck_2701089,CK089
circle-k-florida,ck-2701090,"Circle K #2701090 — Hamilton",2701090,"189 FL-HAM Hwy, Hamilton County, FL",hamilton,30.381852590026615,-82.98119893037405,1,lift,dual_duplex,1,1,mv_ck_2701090,arduino opta mqtt parc,1,cstore,lift_station_dual_duplex,ck_2701090,CK090
circle-k-florida,ck-2701091,"Circle K #2701091 — Hardee",2701091,"190 FL-HAR Hwy, Hardee County, FL",hardee,27.412261381529238,-81.91164585026485,1,lift,dual_duplex,1,1,mv_ck_2701091,arduino opta mqtt parc,0,cstore,lift_station_dual_duplex,ck_2701091,CK091
circle-k-florida,ck-2701092,"Circle K #2701092 — Hendry",2701092,"191 FL-HEN Hwy, Hendry County, FL",hendry,26.704984183576496,-81.01404808045301,1,lift,dual_duplex,1,1,mv_ck_2701092,arduino opta mqtt parc,1,cstore,lift_station_dual_duplex,ck_2701092,CK092
circle-k-florida,ck-2701093,"Circle K #2701093 — Hernando",2701093,"192 FL-HER Hwy, Hernando County, FL",hernando,28.59449418803172,-82.35519216293328,1,lift,dual_duplex,1,1,mv_ck_2701093,arduino opta mqtt parc,1,cstore,lift_station_dual_duplex,ck_2701093,CK093
circle-k-florida,ck-2701094,"Circle K #2701094 — Highlands",2701094,"193 FL-HIG Hwy, Highlands County, FL",highlands,27.399952676536092,-81.3268456471788,1,lift,dual_duplex,1,1,mv_ck_2701094,arduino opta mqtt parc,0,cstore,lift_station_dual_duplex,ck_2701094,CK094
circle-k-florida,ck-2701095,"Circle K #2701095 — Hillsborough",2701095,"194 FL-HIL Hwy, Hillsborough County, FL",hillsborough,28.02861812704394,-82.24590888868426,1,lift,dual_duplex,1,1,mv_ck_2701095,arduino opta mqtt parc,1,cstore,lift_station_dual_duplex,ck_2701095,CK095
circle-k-florida,ck-2701096,"Circle K #2701096 — Holmes",2701096,"195 FL-HOL Hwy, Holmes County, FL",holmes,30.815670309269457,-85.82942611926472,1,lift,dual_duplex,1,1,mv_ck_2701096,arduino opta mqtt parc,1,cstore,lift_station_dual_duplex,ck_2701096,CK096
circle-k-florida,ck-2701097,"Circle K #2701097 — Indian River",2701097,"196 FL-IND Hwy, Indian River County, FL",indian-river,27.812624110960787,-80.5499522835757,1,lift,dual_duplex,1,1,mv_ck_2701097,arduino opta mqtt parc,0,cstore,lift_station_dual_duplex,ck_2701097,CK097
circle-k-florida,ck-2701098,"Circle K #2701098 — Jackson",2701098,"197 FL-JAC Hwy, Jackson County, FL",jackson,30.780560234072002,-85.14850881312788,1,lift,dual_duplex,1,1,mv_ck_2701098,arduino opta mqtt parc,1,cstore,lift_station_dual_duplex,ck_2701098,CK098
circle-k-florida,ck-2701099,"Circle K #2701099 — Jefferson",2701099,"198 FL-JEF Hwy, Jefferson County, FL",jefferson,30.356918605734688,-83.94422735693222,1,lift,dual_duplex,1,1,mv_ck_2701099,arduino opta mqtt parc,1,cstore,lift_station_dual_duplex,ck_2701099,CK099
circle-k-florida,ck-2701100,"Circle K #2701100 — Lafayette",2701100,"199 FL-LAF Hwy, Lafayette County, FL",lafayette,30.08914645021815,-83.20005564730876,1,lift,dual_duplex,1,1,mv_ck_2701100,arduino opta mqtt parc,0,cstore,lift_station_dual_duplex,ck_2701100,CK100
