SK1_Pin,Net,ID,Direction,Group,Spec,Mezz_Node,UnoQ_Pin,Notes
A1,VCC,VCC,IN,POWER,<=15V battery/external,MEZZ.VCC_IN,—,Fuse+reverse protect
B1,0V,0V,PWR,POWER,Power ground,MEZZ.PGND,GND,Star PGND
A2,VDD,VDD,OUT,POWER,3.3V digital,MEZZ.VDD_3V3,—,Mezz LDO preferred
B2,VSS,VSS,PWR,POWER,Digital ground,MEZZ.DGND,GND,Tie Uno GND
A3,+5V,+5V,OUT,POWER,+5V analogue,MEZZ.P5V,—,Also mezz op-amp rail
B3,-5V,-5V,OUT,POWER,-5V analogue,MEZZ.N5V,—,ICL7660/LM2662
A4,GND,GND,PWR,POWER,Analogue ground,MEZZ.AGND,—,AGND star
B4,GND,GND,PWR,POWER,Analogue ground,MEZZ.AGND,—,AGND star
A5,PH,C0,IN,SIGMA_DELTA,0-2.5V typ,MUX.S1,—,Primary PH
B5,REDOX,C1,IN,SIGMA_DELTA,0-2.5V typ,MUX.S2,—,Primary ORP
A6,GND_A,GND_A,PWR,POWER,Analogue ground,MEZZ.AGND,—,
B6,CNTR_I,SAP0,IN,SECONDARY,0-5V assume,DIV->UNO.A0,A0,Counter current
A7,GND_A,GND_A,PWR,POWER,Analogue ground,MEZZ.AGND,—,
B7,CNTR_V,SAP1,IN,SECONDARY,~1.25V mid,DIV->UNO.A1,A1,Counter voltage
A8,CONDUCTIVITY,C2,IN,SIGMA_DELTA,0-2.5V typ,MUX.S3,—,
B8,TEMP,C3,IN,SIGMA_DELTA,0-2.5V typ,MUX.S4,—,
A9,GND_B,GND_B,PWR,POWER,Analogue ground,MEZZ.AGND,—,
B9,—,—,NC,NC,—,—,—,Leave open
A10,CHLORINE,C4,IN,SIGMA_DELTA,0-2.5V typ,MUX.S5,—,aka MICROLINE1
B10,DO,C5,IN,SIGMA_DELTA,0-2.5V typ,MUX.S6,—,aka MICROLINE2
A11,GND_C,GND_C,PWR,POWER,Analogue ground,MEZZ.AGND,—,
B11,PROT_I_CL,SAP2,IN,SECONDARY,0-5V assume,DIV->UNO.A2,A2,Proton1 current
A12,GND_C,GND_C,PWR,POWER,Analogue ground,MEZZ.AGND,—,Verify vs GND_D synonym
B12,PROT_I_DO,SAP3,IN,SECONDARY,0-5V assume,DIV->UNO.A3,A3,Proton2 current
A13,CH_D1,C6,IN,SIGMA_DELTA,spare,MUX.S7,—,
B13,CH_D2,C7,IN,SIGMA_DELTA,spare,MUX.S8,—,
A14,GND_D,GND_D,PWR,POWER,Analogue ground,MEZZ.AGND,—,
B14,—,—,NC,NC,—,—,—,Leave open
A15,CAT_1,C8,IN,SIGMA_DELTA,CaT detector,MUX.S9,—,
B15,CAT_2,C9,IN,SIGMA_DELTA,CaT sense,MUX.S10,—,
A16,GND_E,GND_E,PWR,POWER,Analogue ground,MEZZ.AGND,—,
B16,CAT_MON,SAP4,IN,SECONDARY,monitor,MUX or ADC,—,Prefer mux path
A17,CH_F1,C10,IN,SIGMA_DELTA,CaT temp?,MUX.S11,—,
B17,CH_F2,C11,IN,SIGMA_DELTA,spare,MUX.S12,—,
A18,GND_F,GND_F,PWR,POWER,Analogue ground,MEZZ.AGND,—,
B18,—,—,NC,NC,—,—,—,Leave open
A19,CH_G1,C12,IN,SIGMA_DELTA,spare,MUX.S13,—,
B19,CH_G2,C13,IN,SIGMA_DELTA,spare,MUX.S14,—,
A20,GND_G,GND_G,PWR,POWER,Analogue ground,MEZZ.AGND,—,
B20,MON6,SAP5,IN,SECONDARY,monitor,MUX or ADC,—,
A21,CH_H1,C14,IN,SIGMA_DELTA,spare,MUX.S15,—,
B21,CH_H2,C15,IN,SIGMA_DELTA,spare,MUX.S16,—,
A22,GND_H,GND_H,PWR,POWER,Analogue ground,MEZZ.AGND,—,
B22,—,—,NC,NC,—,—,—,Some sheets mark BATT
A23,CL_BIAS1,VOUT1,OUT,BIAS,+-1.25V,DAC0_AMP,SPI DAC CS=D7,Cl Bias1
B23,DO_BIAS1,VOUT2,OUT,BIAS,+-1.25V,DAC1_AMP,SPI DAC,Do Bias1
A24,CL_BIAS2,VOUT3,OUT,BIAS,+-1.25V,DAC2_AMP,SPI DAC,Cl Bias2
B24,DO_BIAS2,VOUT4,OUT,BIAS,+-1.25V,DAC3_AMP,SPI DAC,Do Bias2
A25,CL_PROTON,VOUT5,OUT,PROTON,+-2.12V,DAC4_AMP,SPI DAC,Cl proton drive
B25,DO_PROTON,VOUT6,OUT,PROTON,+-2.12V,DAC5_AMP,SPI DAC,Do proton drive
A26,CL_SWITCH,TMR_A1,OUT,TIMING,274us-70ms,BUF5,D3,Cl switch pulse
B26,CL_DELAY,TMR_A2,OUT,TIMING,274us-70ms,BUF5,D5,Cl sample delay
A27,DO_SWITCH,TMR_B1,OUT,TIMING,274us-70ms,BUF5,D14,Do switch pulse
B27,DO_DELAY,TMR_B2,OUT,TIMING,274us-70ms,BUF5,D15,Do sample delay
A28,2ND_AMPS,PC0,OUT,POWER_CTL,enable,BUF5/MCP23017,D16 or EXP.0,Secondary amps
B28,CONDUCTIVITY,PC1,OUT,POWER_CTL,enable,BUF5/MCP23017,D17 or EXP.1,Conductivity power
A29,CAT_POWER,PC2,OUT,POWER_CTL,enable,BUF5/MCP23017,D18 or EXP.2,CaT power
B29,PC3,PC3,OUT,POWER_CTL,enable,BUF5/MCP23017,D19 or EXP.3,Mem power active-low?
A30,PC4,PC4,OUT,POWER_CTL,enable,BUF5/MCP23017,EXP.4,Temp power
B30,—,—,NC,NC,—,—,—,Leave open
A31,COL,AUX0,OUT,AUX,digital,BUF5/MCP23017,EXP.5,Colour
B31,TURB,AUX1,OUT,AUX,digital,BUF5/MCP23017,EXP.6,Turbidity
A32,REF,AUX2,OUT,AUX,digital,BUF5/MCP23017,EXP.7,Optical ref
B32,AUX3,AUX3,OUT,AUX,digital,BUF5/MCP23017,EXP.8,Spare
—,SPI_MOSI,—,OUT,BUS,3.3V,MEZZ.SPI_MOSI,D11,Shared ADC+DAC
—,SPI_MISO,—,IN,BUS,3.3V,MEZZ.SPI_MISO,D12,
—,SPI_SCK,—,OUT,BUS,3.3V,MEZZ.SPI_SCK,D13,
—,nCS_ADC,—,OUT,BUS,3.3V active-low,MEZZ.nCS_ADC,D10,LT2400/ADS1256
—,nCS_DAC,—,OUT,BUS,3.3V active-low,MEZZ.nCS_DAC,D7,DAC8568/AD8403
—,MUX0,—,OUT,BUS,3.3V,MUX.A0,D2,Mux address bit0
—,MUX1,—,OUT,BUS,3.3V,MUX.A1,D4,Mux address bit1
—,MUX2,—,OUT,BUS,3.3V,MUX.A2,D6,Mux address bit2
—,MUX3,—,OUT,BUS,3.3V,MUX.A3,D9,Mux address bit3
—,I2C_SDA,—,BIDIR,BUS,3.3V,MCP23017.SDA,D20,Optional expander
—,I2C_SCL,—,OUT,BUS,3.3V,MCP23017.SCL,D21,Optional expander
